{"100001": {"route_short_name": "1", "route_desc": "Kinnear - Downtown Seattle"}, "100002": {"route_short_name": "10", "route_desc": "Capitol Hill - Downtown Seattle"}, "100003": {"route_short_name": "101", "route_desc": "Renton Transit Center - Downtown Seattle"}, "100004": {"route_short_name": "105", "route_desc": "Renton Highlands - Renton Transit Center"}, "100005": {"route_short_name": "106", "route_desc": "Renton Transit Center - Skyway - Downtown Seattle"}, "100006": {"route_short_name": "107", "route_desc": "Renton Transit Center - Rainier Beach"}, "100009": {"route_short_name": "11", "route_desc": "Madison Park - Capitol Hill - Downtown Seattle"}, "100011": {"route_short_name": "111", "route_desc": "Lake Kathleen - Downtown Seattle"}, "100012": {"route_short_name": "113", "route_desc": "Shorewood - Downtown Seattle"}, "100016": {"route_short_name": "118", "route_desc": "Tahlequah - Vashon - Downtown Seattle"}, "100017": {"route_short_name": "119", "route_desc": "Dockton - Vashon - Downtown Seattle"}, "100018": {"route_short_name": "12", "route_desc": "Interlaken Park - Capitol Hill - Downtown Seattle"}, "100023": {"route_short_name": "124", "route_desc": "Tukwila International Blvd Sta - Downtown Seattle"}, "100024": {"route_short_name": "125", "route_desc": "Westwood Vill - S Seattle Coll - Downtown Seattle"}, "100026": {"route_short_name": "128", "route_desc": "Southcenter - Alaska Junction - Admiral District"}, "100028": {"route_short_name": "13", "route_desc": "Seattle Pacific - Downtown Seattle"}, "100030": {"route_short_name": "131", "route_desc": "Burien TC - Georgetown - Downtown Seattle"}, "100031": {"route_short_name": "132", "route_desc": "Burien TC - South Park - Downtown Seattle"}, "100039": {"route_short_name": "14", "route_desc": "Mt Baker - Downtown Seattle"}, "100042": {"route_short_name": "148", "route_desc": "Fairwood - Renton Transit Center"}, "100045": {"route_short_name": "150", "route_desc": "Kent Station - Southcenter - Downtown Seattle"}, "100048": {"route_short_name": "153", "route_desc": "Kent Sounder Station - Renton Transit Center"}, "100060": {"route_short_name": "168", "route_desc": "Maple Valley - Kent Sounder Station"}, "100062": {"route_short_name": "17", "route_desc": "Loyal Heights-Sunset Hill-Ballard-Downtown Seattle"}, "100068": {"route_short_name": "177", "route_desc": "Federal Way S 320th P&R - Downtown Seattle"}, "100072": {"route_short_name": "181", "route_desc": "Twin Lakes P&R - Auburn Station - Green River Coll"}, "100073": {"route_short_name": "182", "route_desc": "Northeast Tacoma - Federal Way"}, "100074": {"route_short_name": "183", "route_desc": "Federal Way - Star Lake - Kent Station"}, "100089": {"route_short_name": "2", "route_desc": "West Queen Anne - Downtown Seattle - Madrona Park"}, "100099": {"route_short_name": "208", "route_desc": "North Bend - Issaquah Transit Center"}, "100101": {"route_short_name": "21", "route_desc": "Arbor Heights-Westwood Village-Downtown Seattle"}, "100104": {"route_short_name": "212", "route_desc": "Eastgate P&R - Downtown Seattle"}, "100111": {"route_short_name": "22", "route_desc": "Westwood Villge-Shorewood-Gatewood-Alaska Junction"}, "100132": {"route_short_name": "24", "route_desc": "West Magnolia - Downtown Seattle"}, "100133": {"route_short_name": "240", "route_desc": "Bellevue TC-South Bellevue-Eastgate-Renton TC"}, "100136": {"route_short_name": "245", "route_desc": "Kirkland Transit Center - Eastgate P&R"}, "100146": {"route_short_name": "255", "route_desc": "Totem Lake TC-Kirkand TC-UW Link Sta-Univ Dist"}, "100160": {"route_short_name": "269", "route_desc": "Issaquah Transit Center - Marymoor Village Station"}, "100161": {"route_short_name": "27", "route_desc": "Colman Park - Downtown Seattle"}, "100162": {"route_short_name": "271", "route_desc": "Issaquah - University District"}, "100169": {"route_short_name": "28", "route_desc": "Whittier Heights - Fremont - Downtown Seattle"}, "100173": {"route_short_name": "3", "route_desc": "Summit - Downtown Seattle - Madrona"}, "100177": {"route_short_name": "303", "route_desc": "Aurora Village - Northgate Station - First Hill"}, "100184": {"route_short_name": "31", "route_desc": "Children's Hospital - Fremont - Central Magnolia"}, "100193": {"route_short_name": "32", "route_desc": "Children's Hospital - Fremont -Seattle Center West"}, "100194": {"route_short_name": "33", "route_desc": "Discovery Park - Downtown Seattle"}, "100196": {"route_short_name": "331", "route_desc": "Shoreline Comm Coll-Aurora Village TC-Kenmore P&R"}, "100202": {"route_short_name": "345", "route_desc": "Shoreline South/148th Station - Northgate Station"}, "100203": {"route_short_name": "346", "route_desc": "Aurora Village TC - Shoreline South/148th Station"}, "100205": {"route_short_name": "348", "route_desc": "Richmond Beach - Shoreline North - Northgate"}, "100210": {"route_short_name": "36", "route_desc": "Othello Station - Beacon Hill - Downtown Seattle"}, "100214": {"route_short_name": "372", "route_desc": "UW/Cascadia College - University District"}, "100219": {"route_short_name": "4", "route_desc": "East Queen Anne - Downtown Seattle - Judkins Park"}, "100223": {"route_short_name": "43", "route_desc": "Univ Dist-Montlake-Capitol Hill-Downtown Seattle"}, "100224": {"route_short_name": "44", "route_desc": "Ballard - Montlake"}, "100225": {"route_short_name": "45", "route_desc": "Loyal Heights - University District"}, "100228": {"route_short_name": "48", "route_desc": "Mt Baker - University District"}, "100229": {"route_short_name": "5", "route_desc": "Shoreline CC - Greenwood - Seattle"}, "100230": {"route_short_name": "50", "route_desc": "West Seattle - SODO - Beacon Hill - Columbia City"}, "100232": {"route_short_name": "522", "route_desc": "Woodinville - Roosevelt Link Station"}, "100236": {"route_short_name": "545", "route_desc": "Redmond - Seattle"}, "100239": {"route_short_name": "550", "route_desc": "Bellevue - Seattle"}, "100240": {"route_short_name": "554", "route_desc": "Issaquah - Seattle"}, "100242": {"route_short_name": "56", "route_desc": "Alki - Admiral District - Downtown Seattle"}, "100246": {"route_short_name": "57", "route_desc": "Alaska Junction - Genesee Hill - Admiral District"}, "100249": {"route_short_name": "60", "route_desc": "Westwood Village - Georgetown - Broadway"}, "100252": {"route_short_name": "62", "route_desc": "Sand Point - Green Lake - Downtown Seattle"}, "100254": {"route_short_name": "65", "route_desc": "Lake City  - University District"}, "100259": {"route_short_name": "67", "route_desc": "Northgate - Roosevelt - University District"}, "100263": {"route_short_name": "7", "route_desc": "Prentice St - Rainier Beach - Downtown Seattle"}, "100264": {"route_short_name": "70", "route_desc": "University District - Eastlake - Downtown Seattle"}, "100269": {"route_short_name": "75", "route_desc": "Northgate - Lake City - Sand Point - Univ District"}, "100272": {"route_short_name": "773", "route_desc": "Seacrest Park - West Seattle Junction"}, "100275": {"route_short_name": "8", "route_desc": "Seattle Center - Capitol Hill - Rainier Beach"}, "100289": {"route_short_name": "9", "route_desc": "Rainier Beach - Columbia City - Broadway"}, "100290": {"route_short_name": "901", "route_desc": "Mirror Lake - Federal Way"}, "100292": {"route_short_name": "903", "route_desc": "Twin Lakes - Federal Way"}, "100297": {"route_short_name": "914", "route_desc": "Downtown Kent - Kent East Hill"}, "100300": {"route_short_name": "917", "route_desc": "Pacific - Algona - Auburn Station"}, "100336": {"route_short_name": "973", "route_desc": "Water Taxi: West Seattle - Downtown Seattle"}, "100337": {"route_short_name": "975", "route_desc": "Water Taxi: Vashon Island - Downtown Seattle"}, "100340": {"route_short_name": "South Lake Union Streetcar", "route_desc": "Streetcar: Fairview/Aloha - Westlake/McGraw"}, "100341": {"route_short_name": "982", "route_desc": "Bear Creek P&R - Lakeside School"}, "100344": {"route_short_name": "986", "route_desc": "Kirkland - Lakeside School"}, "100345": {"route_short_name": "987", "route_desc": "Rainier Beach - Lakeside School"}, "100346": {"route_short_name": "988", "route_desc": "Madrona - Lakeside School"}, "100347": {"route_short_name": "989", "route_desc": "Eastgate - Lakeside School"}, "100447": {"route_short_name": "49", "route_desc": "Univ District - Broadway - Downtown Seattle"}, "100451": {"route_short_name": "556", "route_desc": "Issaquah-University District"}, "100459": {"route_short_name": "218", "route_desc": "Issaquah Highlands - Downtown Seattle"}, "100473": {"route_short_name": "981", "route_desc": "Lakeside School - Houghton P&R"}, "100481": {"route_short_name": "775", "route_desc": "Seacrest Park - Admiral District - Alki"}, "100487": {"route_short_name": "102", "route_desc": "Fairwood - Downtown Seattle"}, "100489": {"route_short_name": "156", "route_desc": "Southcenter - SeaTac - Des Moines - Highline Coll"}, "100495": {"route_short_name": "193", "route_desc": "Federal Way S 320th P&R-Federal Way -First Hill"}, "100496": {"route_short_name": "930", "route_desc": "Kingsgate P&R - Redmond Town Center"}, "100511": {"route_short_name": "542", "route_desc": "Redmond - University District"}, "100512": {"route_short_name": "A Line", "route_desc": "Federal Way - SeaTac - Tukwila Intl Blvd Sta"}, "102548": {"route_short_name": "B Line", "route_desc": "Redmond TC - Overlake TC - Bellevue TC"}, "102552": {"route_short_name": "226", "route_desc": "South Bellevue - Eastgate P&R - Bellevue TC"}, "102555": {"route_short_name": "893", "route_desc": "Forbes Crk - Kirkland - Lk WA HS"}, "102557": {"route_short_name": "915", "route_desc": "Enumclaw - Auburn Station"}, "102558": {"route_short_name": "931", "route_desc": "UW/Cascadia College - Duvall"}, "102561": {"route_short_name": "907", "route_desc": "Enumclaw - Renton TC"}, "102574": {"route_short_name": "40", "route_desc": "Northgte-Ballard-Fremont-Westlake-Downtown Seattle"}, "102576": {"route_short_name": "C Line", "route_desc": "Westwood Village - Downtown Seattle"}, "102581": {"route_short_name": "D Line", "route_desc": "Blue Ridge/Crown Hill - Ballard - Downtown Seattle"}, "102593": {"route_short_name": "906", "route_desc": "Fairwood - Southcenter - Tukwila Sounder Station"}, "102615": {"route_short_name": "E Line", "route_desc": "Aurora Village Transit Center - Downtown Seattle"}, "102619": {"route_short_name": "F Line", "route_desc": "Burien TC - Tukwila Intl Blvd Sta - Renton Landing"}, "102628": {"route_short_name": "895", "route_desc": "Ardmore Park - Lake WA HS"}, "102634": {"route_short_name": "630", "route_desc": "So Mercer Island - First Hill - Downtown Seattle"}, "102636": {"route_short_name": "631", "route_desc": "Gregory Heights - Burien Transit Center"}, "102638": {"route_short_name": "First Hill Streetcar", "route_desc": "Streetcar: Pioneer Square - Capitol Hill"}, "102647": {"route_short_name": "635", "route_desc": "Des Moines Marina District - Angle Lake Station"}, "102652": {"route_short_name": "204", "route_desc": "S Mercer Island-Island Crest Way-Mercer Island P&R"}, "102653": {"route_short_name": "224", "route_desc": "Duvall - Redmond Transit Center"}, "102698": {"route_short_name": "Duvall-Monroe Shuttle", "route_desc": "Duvall - Monroe Shuttle"}, "102699": {"route_short_name": "Valley Shuttle", "route_desc": "No. Bend-Snoqualmie-Fall City-Carnation-Duvall"}, "102701": {"route_short_name": "225", "route_desc": "Kenmore - Totem Lake TC - Overlake"}, "102702": {"route_short_name": "239", "route_desc": "UW/Cascadia Coll - Totem Lake TC - Kirkland TC"}, "102703": {"route_short_name": "231", "route_desc": "Woodinville - Brickyard - Juanita - Kirkland TC"}, "102704": {"route_short_name": "250", "route_desc": "Avondale -  Redmond TC - Kirkland TC - Bellevue TC"}, "102705": {"route_short_name": "230", "route_desc": "North Creek - Bothell - Juanita - Kirkland TC"}, "102715": {"route_short_name": "162", "route_desc": "Lake Meridian P&R - Downtown Seattle"}, "102717": {"route_short_name": "165", "route_desc": "Green River College - Kent - Des Moines - Burien"}, "102718": {"route_short_name": "184", "route_desc": "Auburn Station - White River Junction"}, "102719": {"route_short_name": "161", "route_desc": "Burien - Kent Station"}, "102720": {"route_short_name": "160", "route_desc": "Renton TC - Kent Station - Auburn Station"}, "102729": {"route_short_name": "322", "route_desc": "Kenmore P&R - 12 Av/E Terrace St"}, "102732": {"route_short_name": "79", "route_desc": "Greenlake - University District"}, "102734": {"route_short_name": "566", "route_desc": "Auburn - Redmond"}, "102736": {"route_short_name": "H Line", "route_desc": "Burien TC - Westwood Village - Downtown Seattle"}, "102744": {"route_short_name": "365", "route_desc": "Northgate Station - Shoreline Link Stations"}, "102745": {"route_short_name": "G Line", "route_desc": "Madison Valley - Downtown Seattle"}, "102746": {"route_short_name": "333", "route_desc": "Shoreline South/148 - Mountlake Terrace Station"}, "102747": {"route_short_name": "61", "route_desc": "Lake City - Northgate - Greenwood"}, "102752": {"route_short_name": "223", "route_desc": "Eastgate P&R - Downtown Redmond Station"}, "102753": {"route_short_name": "222", "route_desc": "Redmond Technology - Education Hill - Cottage Lake"}, "102754": {"route_short_name": "256", "route_desc": "Woodinville - Downtown Seattle"}, "102755": {"route_short_name": "203", "route_desc": "Issaquah Highlands - South Bellevue Station"}, "102756": {"route_short_name": "249", "route_desc": "Spring District Station - South Bellevue Station"}, "102757": {"route_short_name": "187", "route_desc": "Federal Way - Twin Lakes"}}